[{"fields": {"active": true, "connector_class": "Facebook", "connector_module": "connectors.social_network", "name": "Facebook"}, "model": "connectors.socialnetworkconnector", "pk": 1}, {"fields": {"required": true, "type": "str", "name": "initiative_url", "description": null}, "model": "connectors.parameter", "pk": 1}, {"fields": {"required": true, "type": "num", "name": "idea_id", "description": null}, "model": "connectors.parameter", "pk": 4}, {"fields": {"required": true, "type": "num", "name": "user_id", "description": null}, "model": "connectors.parameter", "pk": 5}, {"fields": {"required": true, "type": "str", "name": "title", "description": null}, "model": "connectors.parameter", "pk": 6}, {"fields": {"required": true, "type": "str", "name": "text", "description": null}, "model": "connectors.parameter", "pk": 7}, {"fields": {"required": true, "type": "num", "name": "campaign_id", "description": null}, "model": "connectors.parameter", "pk": 8}, {"fields": {"required": false, "type": "str", "name": "tags", "description": "string of terms separated by commas"}, "model": "connectors.parameter", "pk": 9}, {"fields": {"required": true, "type": "num", "name": "comment_id", "description": null}, "model": "connectors.parameter", "pk": 10}, {"fields": {"required": true, "type": "num", "name": "value", "description": null}, "model": "connectors.parameter", "pk": 11}, {"fields": {"required": true, "type": "str", "name": "name", "description": null}, "model": "connectors.parameter", "pk": 12}, {"fields": {"required": true, "type": "str", "name": "email", "description": null}, "model": "connectors.parameter", "pk": 13}, {"fields": {"required": true, "type": "str", "name": "file_str", "description": null}, "model": "connectors.parameter", "pk": 14}, {"fields": {"required": true, "type": "num", "name": "initiative_id", "description": "Id of the initiative (community)"}, "model": "connectors.parameter", "pk": 15}, {"fields": {"required": true, "type": "num", "name": "vote_id", "description": "Id of vote"}, "model": "connectors.parameter", "pk": 16}, {"fields": {"required": true, "type": "str", "name": "parent", "description": "Indicate which is the target of the comment. Possible values: 'idea' or 'comment'"}, "model": "connectors.parameter", "pk": 17}, {"fields": {"required": true, "type": "num", "name": "comment_id", "description": "Id of comment"}, "model": "connectors.urlparameter", "pk": 1}, {"fields": {"required": true, "type": "num", "name": "idea_id", "description": "Id of idea"}, "model": "connectors.urlparameter", "pk": 2}, {"fields": {"required": true, "type": "num", "name": "user_id", "description": "Id of user"}, "model": "connectors.urlparameter", "pk": 3}, {"fields": {"required": true, "type": "num", "name": "initiative_id", "description": "Id of initiative"}, "model": "connectors.urlparameter", "pk": 4}, {"fields": {"required": true, "type": "num", "name": "vote_id", "description": "Id of vote"}, "model": "connectors.urlparameter", "pk": 5}, {"fields": {"required": true, "type": "str", "name": "name", "empty": true}, "model": "connectors.basicattribute", "pk": 1}, {"fields": {"required": true, "type": "str", "name": "url", "empty": false}, "model": "connectors.basicattribute", "pk": 2}, {"fields": {"required": true, "type": "num", "name": "id", "empty": false}, "model": "connectors.basicattribute", "pk": 3}, {"fields": {"required": true, "type": "str", "name": "email", "empty": true}, "model": "connectors.basicattribute", "pk": 4}, {"fields": {"required": true, "type": "num", "name": "value", "empty": false}, "model": "connectors.basicattribute", "pk": 5}, {"fields": {"required": true, "type": "num", "name": "idea_id", "empty": false}, "model": "connectors.basicattribute", "pk": 6}, {"fields": {"required": true, "type": "num", "name": "author_id", "empty": false}, "model": "connectors.basicattribute", "pk": 7}, {"fields": {"required": true, "type": "str", "name": "datetime", "empty": false}, "model": "connectors.basicattribute", "pk": 8}, {"fields": {"required": true, "type": "str", "name": "text", "empty": false}, "model": "connectors.basicattribute", "pk": 9}, {"fields": {"required": true, "type": "str", "name": "parent_type", "empty": false}, "model": "connectors.basicattribute", "pk": 10}, {"fields": {"required": true, "type": "num", "name": "parent_id", "empty": false}, "model": "connectors.basicattribute", "pk": 11}, {"fields": {"required": true, "type": "num", "name": "positive_votes", "empty": true}, "model": "connectors.basicattribute", "pk": 12}, {"fields": {"required": false, "type": "num", "name": "negative_votes", "empty": true}, "model": "connectors.basicattribute", "pk": 13}, {"fields": {"required": true, "type": "num", "name": "comments", "empty": true}, "model": "connectors.basicattribute", "pk": 14}, {"fields": {"required": false, "type": "str", "name": "country", "empty": true}, "model": "connectors.basicattribute", "pk": 15}, {"fields": {"required": false, "type": "str", "name": "city", "empty": true}, "model": "connectors.basicattribute", "pk": 16}, {"fields": {"required": false, "type": "str", "name": "latitude", "empty": true}, "model": "connectors.basicattribute", "pk": 17}, {"fields": {"required": false, "type": "str", "name": "longitude", "empty": true}, "model": "connectors.basicattribute", "pk": 18}, {"fields": {"required": true, "type": "str", "name": "title", "empty": true}, "model": "connectors.basicattribute", "pk": 19}, {"fields": {"required": true, "type": "num", "name": "campaign_id", "empty": false}, "model": "connectors.basicattribute", "pk": 20}, {"fields": {"required": true, "type": "num", "name": "comment_id", "empty": false}, "model": "connectors.basicattribute", "pk": 21}, {"fields": {"required": true, "type": "str", "name": "initiative_url", "empty": false}, "model": "connectors.basicattribute", "pk": 22}, {"fields": {"required": true, "type": "num", "name": "user_id", "empty": false}, "model": "connectors.basicattribute", "pk": 23}, {"fields": {"required": true, "type": "num", "name": "initiative_id", "empty": false}, "model": "connectors.basicattribute", "pk": 24}, {"fields": {"required": true, "type": 3, "name": "user_info", "empty": false}, "model": "connectors.composedattribute", "pk": 1}, {"fields": {"required": false, "type": 4, "name": "location_info", "empty": true}, "model": "connectors.composedattribute", "pk": 2}, {"fields": {"required": true, "type": 2, "name": "campaign_info", "empty": false}, "model": "connectors.composedattribute", "pk": 3}, {"fields": {"attributes": [1, 2, 3], "name": "Initiative", "composed_attributes": []}, "model": "connectors.object", "pk": 1}, {"fields": {"attributes": [1, 3], "name": "Campaign", "composed_attributes": []}, "model": "connectors.object", "pk": 2}, {"fields": {"attributes": [1, 3, 4], "name": "User", "composed_attributes": []}, "model": "connectors.object", "pk": 3}, {"fields": {"attributes": [15, 16, 17, 18], "name": "Location", "composed_attributes": []}, "model": "connectors.object", "pk": 4}, {"fields": {"attributes": [3, 5, 7, 8, 10, 11], "name": "Vote", "composed_attributes": []}, "model": "connectors.object", "pk": 5}, {"fields": {"attributes": [2, 3, 8, 9, 12, 13, 14, 19], "name": "Idea", "composed_attributes": [1, 2, 3]}, "model": "connectors.object", "pk": 6}, {"fields": {"attributes": [2, 3, 8, 9, 10, 11, 12, 13, 14], "name": "Comment", "composed_attributes": [1, 2]}, "model": "connectors.object", "pk": 7}, {"fields": {"attributes": [9], "name": "Message", "composed_attributes": []}, "model": "connectors.object", "pk": 8}, {"fields": {"attributes": [1, 4, 5, 6, 9, 19, 20, 21, 23, 24], "name": "Testing", "composed_attributes": []}, "model": "connectors.object", "pk": 9}, {"fields": {"url_params": [], "name": "get_initiatives_cb", "format": "json", "required": true, "body_params": [], "return_object": 1, "return_type": "set", "method": "get"}, "model": "connectors.callback", "pk": 1}, {"fields": {"url_params": [4], "name": "get_campaigns_cb", "format": "json", "required": true, "body_params": [], "return_object": 2, "return_type": "set", "method": "get"}, "model": "connectors.callback", "pk": 2}, {"fields": {"url_params": [4], "name": "get_ideas_cb", "format": "json", "required": true, "body_params": [], "return_object": 6, "return_type": "set", "method": "get"}, "model": "connectors.callback", "pk": 3}, {"fields": {"url_params": [4], "name": "get_users_cb", "format": "json", "required": true, "body_params": [], "return_object": 3, "return_type": "set", "method": "get"}, "model": "connectors.callback", "pk": 4}, {"fields": {"url_params": [4], "name": "get_votes_ideas_cb", "format": "json", "required": true, "body_params": [], "return_object": 5, "return_type": "set", "method": "get"}, "model": "connectors.callback", "pk": 5}, {"fields": {"url_params": [4], "name": "get_comments_cb", "format": "json", "required": true, "body_params": [], "return_object": 7, "return_type": "set", "method": "get"}, "model": "connectors.callback", "pk": 6}, {"fields": {"url_params": [2], "name": "get_idea_cb", "format": "json", "required": true, "body_params": [], "return_object": 6, "return_type": "unit", "method": "get"}, "model": "connectors.callback", "pk": 7}, {"fields": {"url_params": [3], "name": "get_user_cb", "format": "json", "required": true, "body_params": [], "return_object": 3, "return_type": "unit", "method": "get"}, "model": "connectors.callback", "pk": 8}, {"fields": {"url_params": [4], "name": "create_idea_cb", "format": "json", "required": true, "body_params": [6, 7, 8, 9], "return_object": 6, "return_type": "unit", "method": "post"}, "model": "connectors.callback", "pk": 9}, {"fields": {"url_params": [2], "name": "delete_idea_cb", "format": "json", "required": true, "body_params": [], "return_object": 8, "return_type": "unit", "method": "delete"}, "model": "connectors.callback", "pk": 10}, {"fields": {"url_params": [2], "name": "create_comment_idea_cb", "format": "json", "required": true, "body_params": [7], "return_object": 7, "return_type": "unit", "method": "post"}, "model": "connectors.callback", "pk": 11}, {"fields": {"url_params": [1], "name": "create_comment_comment_cb", "format": "json", "required": true, "body_params": [7], "return_object": 7, "return_type": "unit", "method": "post"}, "model": "connectors.callback", "pk": 12}, {"fields": {"url_params": [1], "name": "delete_comment_cb", "format": "json", "required": true, "body_params": [], "return_object": 8, "return_type": "unit", "method": "delete"}, "model": "connectors.callback", "pk": 13}, {"fields": {"url_params": [2], "name": "vote_idea_cb", "format": "json", "required": true, "body_params": [11], "return_object": 6, "return_type": "unit", "method": "post"}, "model": "connectors.callback", "pk": 14}, {"fields": {"url_params": [4], "name": "create_user_cb", "format": "json", "required": true, "body_params": [12, 13], "return_object": 3, "return_type": "unit", "method": "post"}, "model": "connectors.callback", "pk": 15}, {"fields": {"url_params": [1], "name": "vote_comment_cb", "format": "json", "required": false, "body_params": [11], "return_object": 5, "return_type": "unit", "method": "post"}, "model": "connectors.callback", "pk": 16}, {"fields": {"url_params": [2], "name": "update_idea_cb", "format": "json", "required": false, "body_params": [6, 7, 8, 9], "return_object": 6, "return_type": "unit", "method": "post"}, "model": "connectors.callback", "pk": 17}, {"fields": {"url_params": [3], "name": "delete_user_cb", "format": "json", "required": false, "body_params": [], "return_object": 8, "return_type": "unit", "method": "delete"}, "model": "connectors.callback", "pk": 18}, {"fields": {"url_params": [2], "name": "attach_file_idea_cb", "format": "json", "required": false, "body_params": [14], "return_object": 8, "return_type": "unit", "method": "post"}, "model": "connectors.callback", "pk": 19}, {"fields": {"url_params": [], "name": "get_testing_param_cb", "format": "json", "required": true, "body_params": [], "return_object": 9, "return_type": "unit", "method": "get"}, "model": "connectors.callback", "pk": 20}, {"fields": {"url_params": [2], "name": "get_comments_idea_cb", "format": "json", "required": true, "body_params": [], "return_object": 7, "return_type": "set", "method": "get"}, "model": "connectors.callback", "pk": 21}, {"fields": {"url_params": [1], "name": "get_comment_cb", "format": "json", "required": true, "body_params": [], "return_object": 7, "return_type": "unit", "method": "get"}, "model": "connectors.callback", "pk": 22}, {"fields": {"url_params": [5], "name": "get_vote_cb", "format": "json", "required": false, "body_params": [], "return_object": 5, "return_type": "unit", "method": "get"}, "model": "connectors.callback", "pk": 23}, {"fields": {"url_params": [2], "name": "get_votes_idea_cb", "format": "json", "required": true, "body_params": [], "return_object": 5, "return_type": "set", "method": "get"}, "model": "connectors.callback", "pk": 24}, {"fields": {"url_params": [1], "name": "get_votes_comment_cb", "format": "json", "required": false, "body_params": [], "return_object": 5, "return_type": "set", "method": "get"}, "model": "connectors.callback", "pk": 25}, {"fields": {"url_params": [4], "name": "get_votes_comments_cb", "format": "json", "required": true, "body_params": [], "return_object": 5, "return_type": "set", "method": "get"}, "model": "connectors.callback", "pk": 26}, {"fields": {"callbacks": [1, 2, 3, 4, 5, 6, 7, 8, 9, 10, 11, 12, 13, 14, 15, 16, 17, 18, 19, 20, 21, 22, 23, 24, 25], "type": "idea_mgmt", "name": "Idea Management Platform"}, "model": "connectors.metaconnector", "pk": 1}, {"fields": {"url_callback": [1, 2, 3, 4, 5, 6, 7, 8, 9, 10, 11, 12, 13, 14, 15, 16, 17, 18, 20, 21, 22, 23], "meta_connector": 1, "auth_token": "Token 1e1efa78c5bf8112f41c49d67e753d3239029227", "authentication": true, "auth_header": "Authorization", "name": "IdeaScale"}, "model": "connectors.connector", "pk": 1}, {"fields": {"url": "http://localhost:8000/ideascale/initiatives/", "callback": 1, "status": "ok"}, "model": "connectors.urlcallback", "pk": 1}, {"fields": {"url": "http://localhost:8000/ideascale/campaigns/initiative_id", "callback": 2, "status": "ok"}, "model": "connectors.urlcallback", "pk": 2}, {"fields": {"url": "http://localhost:8000/ideascale/ideas/initiative_id", "callback": 3, "status": "ok"}, "model": "connectors.urlcallback", "pk": 3}, {"fields": {"url": "http://localhost:8000/ideascale/authors/initiative_id", "callback": 4, "status": "ok"}, "model": "connectors.urlcallback", "pk": 4}, {"fields": {"url": "http://localhost:8000/ideascale/votes-ideas/initiative_id", "callback": 5, "status": "untested"}, "model": "connectors.urlcallback", "pk": 5}, {"fields": {"url": "http://localhost:8000/ideascale/comments/initiative_id", "callback": 6, "status": "ok"}, "model": "connectors.urlcallback", "pk": 6}, {"fields": {"url": "http://localhost:8000/ideascale/idea/idea_id", "callback": 7, "status": "ok"}, "model": "connectors.urlcallback", "pk": 7}, {"fields": {"url": "http://localhost:8000/ideascale/author/user_id", "callback": 8, "status": "ok"}, "model": "connectors.urlcallback", "pk": 8}, {"fields": {"url": "http://localhost:8000/ideascale/ideas/initiative_id", "callback": 9, "status": "ok"}, "model": "connectors.urlcallback", "pk": 9}, {"fields": {"url": "http://localhost:8000/ideascale/idea/idea_id", "callback": 10, "status": "ok"}, "model": "connectors.urlcallback", "pk": 10}, {"fields": {"url": "http://localhost:8000/ideascale/comments/idea/idea_id", "callback": 11, "status": "ok"}, "model": "connectors.urlcallback", "pk": 11}, {"fields": {"url": "http://localhost:8000/ideascale/comment/comment_id", "callback": 13, "status": "ok"}, "model": "connectors.urlcallback", "pk": 12}, {"fields": {"url": "http://localhost:8000/ideascale/comments/comment/comment_id", "callback": 12, "status": "ok"}, "model": "connectors.urlcallback", "pk": 13}, {"fields": {"url": "http://localhost:8000/ideascale/votes/idea/idea_id", "callback": 14, "status": "ok"}, "model": "connectors.urlcallback", "pk": 14}, {"fields": {"url": "http://localhost:8000/ideascale/authors/initiative_id", "callback": 15, "status": "ok"}, "model": "connectors.urlcallback", "pk": 15}, {"fields": {"url": "http://localhost:8000/ideascale/testing-params/", "callback": 20, "status": "ok"}, "model": "connectors.urlcallback", "pk": 16}, {"fields": {"url": "http://localhost:8000/ideascale/comments/idea/idea_id", "callback": 21, "status": "ok"}, "model": "connectors.urlcallback", "pk": 17}, {"fields": {"url": "http://localhost:8000/ideascale/comment/comment_id", "callback": 22, "status": "untested"}, "model": "connectors.urlcallback", "pk": 18}, {"fields": {"url": "http://localhost:8000/ideascale/vote/vote_id", "callback": 23, "status": "untested"}, "model": "connectors.urlcallback", "pk": 19}, {"fields": {"url": "http://localhost:8000/ideascale/votes/idea/idea_id", "callback": 24, "status": "ok"}, "model": "connectors.urlcallback", "pk": 20}, {"fields": {"url": "http://localhost:8000/ideascale/votes/comment/comment_id", "callback": 25, "status": "ok"}, "model": "connectors.urlcallback", "pk": 21}, {"fields": {"url": "http://localhost:8000/ideascale/votes-comments/initiative_id", "callback": 26, "status": "untested"}, "model": "connectors.urlcallback", "pk": 22}, {"fields": {"url": "http://localhost:8000/ideascale/idea/attach-file/idea_id", "callback": 19, "status": "untested"}, "model": "connectors.urlcallback", "pk": 23}]